,views,likes,dislikes,comment_count,engagement_ratio,like_dislike_ratio
views,1.0,0.7979282704036922,0.7034118472042188,0.6253454843012359,-0.01840170638370876,-0.009055046262658798
likes,0.7979282704036922,1.0,0.6686942934164186,0.8468946796540986,0.21092067297578665,0.13039177217559753
dislikes,0.7034118472042188,0.6686942934164186,1.0,0.6636164375659193,0.04021719773273987,-0.07885544238126725
comment_count,0.6253454843012359,0.8468946796540986,0.6636164375659193,1.0,0.2644127931643504,0.101198550727341
engagement_ratio,-0.01840170638370876,0.21092067297578665,0.04021719773273987,0.2644127931643504,1.0,0.6054194420970344
like_dislike_ratio,-0.009055046262658798,0.13039177217559753,-0.07885544238126725,0.101198550727341,0.6054194420970344,1.0
